<window type="dialog">
  <defaultcontrol always="true">10</defaultcontrol>
  <include>OpenClose</include>
  <controls>
    <include>DimBG</include>
    <control type="group">
      <animation type="WindowOpen">
        <effect type="fade" start="0" end="100" time="240" />
        <effect type="zoom" tween="cubic" easing="out" start="30" end="100" center="960,660" time="240" />
      </animation>
      <animation type="WindowClose">
        <effect type="fade" start="100" end="0" time="140" />
        <effect type="zoom" tween="cubic" easing="in" start="100" end="30" center="960,660" time="140" />
      </animation>
      <posx>429</posx>
      <posy>500</posy>
      <control type="image" description="Dialog BG">
        <posx>0</posx>
        <posy>0</posy>
        <width>1062</width>
        <height>420</height>
        <texture border="45">dialogs/TinyDialog.png</texture>
      </control>
      <control type="label" id="21" description="Heading">
        <posx>51</posx>
        <posy>40</posy>
        <height>40</height>
        <width>960</width>
        <textcolor>Orange</textcolor>
        <align>center</align>
      </control>
      <control type="label" id="22" description="Line 1">
        <posx>51</posx>
        <posy>100</posy>
        <height>40</height>
        <width>960</width>
        <label>-</label>
        <font>SetContent</font>
        <align>center</align>
      </control>
      <control type="label" id="23" description="Line 2">
        <posx>51</posx>
        <posy>146</posy>
        <height>40</height>
        <width>960</width>
        <label>-</label>
        <font>SetContent</font>
        <align>center</align>
      </control>
      <control type="label" id="24" description="Line 3">
        <posx>51</posx>
        <posy>192</posy>
        <height>40</height>
        <width>960</width>
        <label>-</label>
        <font>SetContent</font>
        <align>center</align>
      </control>
      <control type="label" id="25" description="Line 4">
        <posx>51</posx>
        <posy>238</posy>
        <height>40</height>
        <width>960</width>
        <label>-</label>
        <font>SetContent</font>
        <align>center</align>
      </control>
      <control type="button" id="10" description="OK">
        <posx>381</posx>
        <posy>320</posy>
        <height>60</height>
        <width>300</width>
        <label>$LOCALIZE[186]</label>
        <align>center</align>
        <pulseonselect>true</pulseonselect>
      </control>
    </control>
  </controls>
</window>